-- Generated shipments and returns data

-- SHIPMENTS
INSERT INTO shipments (id, shipment_number, shop_id, driver_id, shipment_date, status, notes, email_sent, whatsapp_sent, created_by, created_at, updated_at) VALUES (1, 'SHP-20260107-10000', 19, 10, '2026-01-07', 'IN_CONSEGNA', 'Consegna standard', false, false, 6, NOW(), NOW());
INSERT INTO shipments (id, shipment_number, shop_id, driver_id, shipment_date, status, notes, email_sent, whatsapp_sent, created_by, created_at, updated_at) VALUES (2, 'SHP-20251227-10001', 12, 8, '2025-12-27', 'CONSEGNATA', 'Consegna standard', false, false, 6, NOW(), NOW());
INSERT INTO shipments (id, shipment_number, shop_id, driver_id, shipment_date, status, notes, email_sent, whatsapp_sent, created_by, created_at, updated_at) VALUES (3, 'SHP-20260112-10002', 11, 10, '2026-01-12', 'IN_CONSEGNA', 'Consegna standard', false, false, 6, NOW(), NOW());
INSERT INTO shipments (id, shipment_number, shop_id, driver_id, shipment_date, status, notes, email_sent, whatsapp_sent, created_by, created_at, updated_at) VALUES (4, 'SHP-20251130-10003', 11, 8, '2025-11-30', 'CONSEGNATA', 'Consegna standard', false, false, 6, NOW(), NOW());
INSERT INTO shipments (id, shipment_number, shop_id, driver_id, shipment_date, status, notes, email_sent, whatsapp_sent, created_by, created_at, updated_at) VALUES (5, 'SHP-20251216-10004', 17, 9, '2025-12-16', 'CONSEGNATA', 'Consegna standard', false, false, 6, NOW(), NOW());
INSERT INTO shipments (id, shipment_number, shop_id, driver_id, shipment_date, status, notes, email_sent, whatsapp_sent, created_by, created_at, updated_at) VALUES (6, 'SHP-20260111-10005', 11, 8, '2026-01-11', 'CONSEGNATA', 'Consegna standard', false, false, 6, NOW(), NOW());
INSERT INTO shipments (id, shipment_number, shop_id, driver_id, shipment_date, status, notes, email_sent, whatsapp_sent, created_by, created_at, updated_at) VALUES (7, 'SHP-20251218-10006', 17, 8, '2025-12-18', 'CONSEGNATA', 'Consegna standard', false, false, 6, NOW(), NOW());
INSERT INTO shipments (id, shipment_number, shop_id, driver_id, shipment_date, status, notes, email_sent, whatsapp_sent, created_by, created_at, updated_at) VALUES (8, 'SHP-20260120-10007', 14, 10, '2026-01-20', 'CONSEGNATA', 'Consegna standard', false, false, 6, NOW(), NOW());
INSERT INTO shipments (id, shipment_number, shop_id, driver_id, shipment_date, status, notes, email_sent, whatsapp_sent, created_by, created_at, updated_at) VALUES (9, 'SHP-20251215-10008', 17, 10, '2025-12-15', 'CONSEGNATA', 'Consegna standard', false, false, 6, NOW(), NOW());
INSERT INTO shipments (id, shipment_number, shop_id, driver_id, shipment_date, status, notes, email_sent, whatsapp_sent, created_by, created_at, updated_at) VALUES (10, 'SHP-20251221-10009', 16, 8, '2025-12-21', 'CONSEGNATA', 'Consegna standard', false, false, 6, NOW(), NOW());
INSERT INTO shipments (id, shipment_number, shop_id, driver_id, shipment_date, status, notes, email_sent, whatsapp_sent, created_by, created_at, updated_at) VALUES (11, 'SHP-20251202-10010', 13, 10, '2025-12-02', 'CONSEGNATA', 'Consegna standard', false, false, 6, NOW(), NOW());
INSERT INTO shipments (id, shipment_number, shop_id, driver_id, shipment_date, status, notes, email_sent, whatsapp_sent, created_by, created_at, updated_at) VALUES (12, 'SHP-20251202-10011', 15, 10, '2025-12-02', 'CONSEGNATA', 'Consegna standard', false, false, 6, NOW(), NOW());
INSERT INTO shipments (id, shipment_number, shop_id, driver_id, shipment_date, status, notes, email_sent, whatsapp_sent, created_by, created_at, updated_at) VALUES (13, 'SHP-20251122-10012', 18, 10, '2025-11-22', 'CONSEGNATA', 'Consegna standard', false, false, 6, NOW(), NOW());
INSERT INTO shipments (id, shipment_number, shop_id, driver_id, shipment_date, status, notes, email_sent, whatsapp_sent, created_by, created_at, updated_at) VALUES (14, 'SHP-20251125-10013', 20, 9, '2025-11-25', 'CONSEGNATA', 'Consegna standard', false, false, 6, NOW(), NOW());
INSERT INTO shipments (id, shipment_number, shop_id, driver_id, shipment_date, status, notes, email_sent, whatsapp_sent, created_by, created_at, updated_at) VALUES (15, 'SHP-20251225-10014', 20, 9, '2025-12-25', 'IN_CONSEGNA', 'Consegna standard', false, false, 6, NOW(), NOW());
INSERT INTO shipments (id, shipment_number, shop_id, driver_id, shipment_date, status, notes, email_sent, whatsapp_sent, created_by, created_at, updated_at) VALUES (16, 'SHP-20251226-10015', 13, 10, '2025-12-26', 'IN_CONSEGNA', 'Consegna standard', false, false, 6, NOW(), NOW());
INSERT INTO shipments (id, shipment_number, shop_id, driver_id, shipment_date, status, notes, email_sent, whatsapp_sent, created_by, created_at, updated_at) VALUES (17, 'SHP-20251213-10016', 15, 8, '2025-12-13', 'CONSEGNATA', 'Consegna standard', false, false, 6, NOW(), NOW());
INSERT INTO shipments (id, shipment_number, shop_id, driver_id, shipment_date, status, notes, email_sent, whatsapp_sent, created_by, created_at, updated_at) VALUES (18, 'SHP-20260106-10017', 13, 9, '2026-01-06', 'IN_CONSEGNA', 'Consegna standard', false, false, 6, NOW(), NOW());
INSERT INTO shipments (id, shipment_number, shop_id, driver_id, shipment_date, status, notes, email_sent, whatsapp_sent, created_by, created_at, updated_at) VALUES (19, 'SHP-20251206-10018', 12, 8, '2025-12-06', 'CONSEGNATA', 'Consegna standard', false, false, 6, NOW(), NOW());
INSERT INTO shipments (id, shipment_number, shop_id, driver_id, shipment_date, status, notes, email_sent, whatsapp_sent, created_by, created_at, updated_at) VALUES (20, 'SHP-20260116-10019', 11, 10, '2026-01-16', 'BOZZA', 'Consegna standard', false, false, 6, NOW(), NOW());
INSERT INTO shipments (id, shipment_number, shop_id, driver_id, shipment_date, status, notes, email_sent, whatsapp_sent, created_by, created_at, updated_at) VALUES (21, 'SHP-20251125-10020', 20, 9, '2025-11-25', 'CONSEGNATA', 'Consegna standard', false, false, 6, NOW(), NOW());
INSERT INTO shipments (id, shipment_number, shop_id, driver_id, shipment_date, status, notes, email_sent, whatsapp_sent, created_by, created_at, updated_at) VALUES (22, 'SHP-20251224-10021', 18, 9, '2025-12-24', 'CONSEGNATA', 'Consegna standard', false, false, 6, NOW(), NOW());
INSERT INTO shipments (id, shipment_number, shop_id, driver_id, shipment_date, status, notes, email_sent, whatsapp_sent, created_by, created_at, updated_at) VALUES (23, 'SHP-20251209-10022', 14, 9, '2025-12-09', 'CONSEGNATA', 'Consegna standard', false, false, 6, NOW(), NOW());
INSERT INTO shipments (id, shipment_number, shop_id, driver_id, shipment_date, status, notes, email_sent, whatsapp_sent, created_by, created_at, updated_at) VALUES (24, 'SHP-20251213-10023', 18, 10, '2025-12-13', 'CONSEGNATA', 'Consegna standard', false, false, 6, NOW(), NOW());
INSERT INTO shipments (id, shipment_number, shop_id, driver_id, shipment_date, status, notes, email_sent, whatsapp_sent, created_by, created_at, updated_at) VALUES (25, 'SHP-20251205-10024', 20, 8, '2025-12-05', 'CONSEGNATA', 'Consegna standard', false, false, 6, NOW(), NOW());
INSERT INTO shipments (id, shipment_number, shop_id, driver_id, shipment_date, status, notes, email_sent, whatsapp_sent, created_by, created_at, updated_at) VALUES (26, 'SHP-20251208-10025', 14, 8, '2025-12-08', 'CONSEGNATA', 'Consegna standard', false, false, 6, NOW(), NOW());
INSERT INTO shipments (id, shipment_number, shop_id, driver_id, shipment_date, status, notes, email_sent, whatsapp_sent, created_by, created_at, updated_at) VALUES (27, 'SHP-20260112-10026', 11, 9, '2026-01-12', 'BOZZA', 'Consegna standard', false, false, 6, NOW(), NOW());
INSERT INTO shipments (id, shipment_number, shop_id, driver_id, shipment_date, status, notes, email_sent, whatsapp_sent, created_by, created_at, updated_at) VALUES (28, 'SHP-20251208-10027', 15, 10, '2025-12-08', 'CONSEGNATA', 'Consegna standard', false, false, 6, NOW(), NOW());
INSERT INTO shipments (id, shipment_number, shop_id, driver_id, shipment_date, status, notes, email_sent, whatsapp_sent, created_by, created_at, updated_at) VALUES (29, 'SHP-20260101-10028', 20, 10, '2026-01-01', 'IN_CONSEGNA', 'Consegna standard', false, false, 6, NOW(), NOW());
INSERT INTO shipments (id, shipment_number, shop_id, driver_id, shipment_date, status, notes, email_sent, whatsapp_sent, created_by, created_at, updated_at) VALUES (30, 'SHP-20251122-10029', 17, 9, '2025-11-22', 'CONSEGNATA', 'Consegna standard', false, false, 6, NOW(), NOW());
INSERT INTO shipments (id, shipment_number, shop_id, driver_id, shipment_date, status, notes, email_sent, whatsapp_sent, created_by, created_at, updated_at) VALUES (31, 'SHP-20251127-10030', 13, 10, '2025-11-27', 'CONSEGNATA', 'Consegna standard', false, false, 6, NOW(), NOW());
INSERT INTO shipments (id, shipment_number, shop_id, driver_id, shipment_date, status, notes, email_sent, whatsapp_sent, created_by, created_at, updated_at) VALUES (32, 'SHP-20260106-10031', 11, 9, '2026-01-06', 'IN_CONSEGNA', 'Consegna standard', false, false, 6, NOW(), NOW());
INSERT INTO shipments (id, shipment_number, shop_id, driver_id, shipment_date, status, notes, email_sent, whatsapp_sent, created_by, created_at, updated_at) VALUES (33, 'SHP-20251210-10032', 12, 8, '2025-12-10', 'CONSEGNATA', 'Consegna standard', false, false, 6, NOW(), NOW());
INSERT INTO shipments (id, shipment_number, shop_id, driver_id, shipment_date, status, notes, email_sent, whatsapp_sent, created_by, created_at, updated_at) VALUES (34, 'SHP-20260104-10033', 16, 9, '2026-01-04', 'CONSEGNATA', 'Consegna standard', false, false, 6, NOW(), NOW());
INSERT INTO shipments (id, shipment_number, shop_id, driver_id, shipment_date, status, notes, email_sent, whatsapp_sent, created_by, created_at, updated_at) VALUES (35, 'SHP-20251217-10034', 12, 8, '2025-12-17', 'CONSEGNATA', 'Consegna standard', false, false, 6, NOW(), NOW());
INSERT INTO shipments (id, shipment_number, shop_id, driver_id, shipment_date, status, notes, email_sent, whatsapp_sent, created_by, created_at, updated_at) VALUES (36, 'SHP-20251210-10035', 13, 8, '2025-12-10', 'CONSEGNATA', 'Consegna standard', false, false, 6, NOW(), NOW());
INSERT INTO shipments (id, shipment_number, shop_id, driver_id, shipment_date, status, notes, email_sent, whatsapp_sent, created_by, created_at, updated_at) VALUES (37, 'SHP-20251207-10036', 15, 10, '2025-12-07', 'CONSEGNATA', 'Consegna standard', false, false, 6, NOW(), NOW());
INSERT INTO shipments (id, shipment_number, shop_id, driver_id, shipment_date, status, notes, email_sent, whatsapp_sent, created_by, created_at, updated_at) VALUES (38, 'SHP-20251212-10037', 18, 9, '2025-12-12', 'CONSEGNATA', 'Consegna standard', false, false, 6, NOW(), NOW());
INSERT INTO shipments (id, shipment_number, shop_id, driver_id, shipment_date, status, notes, email_sent, whatsapp_sent, created_by, created_at, updated_at) VALUES (39, 'SHP-20251127-10038', 12, 8, '2025-11-27', 'CONSEGNATA', 'Consegna standard', false, false, 6, NOW(), NOW());
INSERT INTO shipments (id, shipment_number, shop_id, driver_id, shipment_date, status, notes, email_sent, whatsapp_sent, created_by, created_at, updated_at) VALUES (40, 'SHP-20260109-10039', 17, 8, '2026-01-09', 'CONSEGNATA', 'Consegna standard', false, false, 6, NOW(), NOW());
INSERT INTO shipments (id, shipment_number, shop_id, driver_id, shipment_date, status, notes, email_sent, whatsapp_sent, created_by, created_at, updated_at) VALUES (41, 'SHP-20251204-10040', 17, 8, '2025-12-04', 'CONSEGNATA', 'Consegna standard', false, false, 6, NOW(), NOW());
INSERT INTO shipments (id, shipment_number, shop_id, driver_id, shipment_date, status, notes, email_sent, whatsapp_sent, created_by, created_at, updated_at) VALUES (42, 'SHP-20260120-10041', 12, 8, '2026-01-20', 'BOZZA', 'Consegna standard', false, false, 6, NOW(), NOW());
INSERT INTO shipments (id, shipment_number, shop_id, driver_id, shipment_date, status, notes, email_sent, whatsapp_sent, created_by, created_at, updated_at) VALUES (43, 'SHP-20260101-10042', 12, 10, '2026-01-01', 'CONSEGNATA', 'Consegna standard', false, false, 6, NOW(), NOW());
INSERT INTO shipments (id, shipment_number, shop_id, driver_id, shipment_date, status, notes, email_sent, whatsapp_sent, created_by, created_at, updated_at) VALUES (44, 'SHP-20251129-10043', 19, 10, '2025-11-29', 'CONSEGNATA', 'Consegna standard', false, false, 6, NOW(), NOW());
INSERT INTO shipments (id, shipment_number, shop_id, driver_id, shipment_date, status, notes, email_sent, whatsapp_sent, created_by, created_at, updated_at) VALUES (45, 'SHP-20251123-10044', 17, 9, '2025-11-23', 'CONSEGNATA', 'Consegna standard', false, false, 6, NOW(), NOW());
INSERT INTO shipments (id, shipment_number, shop_id, driver_id, shipment_date, status, notes, email_sent, whatsapp_sent, created_by, created_at, updated_at) VALUES (46, 'SHP-20260101-10045', 15, 9, '2026-01-01', 'CONSEGNATA', 'Consegna standard', false, false, 6, NOW(), NOW());
INSERT INTO shipments (id, shipment_number, shop_id, driver_id, shipment_date, status, notes, email_sent, whatsapp_sent, created_by, created_at, updated_at) VALUES (47, 'SHP-20260106-10046', 20, 8, '2026-01-06', 'CONSEGNATA', 'Consegna standard', false, false, 6, NOW(), NOW());
INSERT INTO shipments (id, shipment_number, shop_id, driver_id, shipment_date, status, notes, email_sent, whatsapp_sent, created_by, created_at, updated_at) VALUES (48, 'SHP-20251214-10047', 15, 10, '2025-12-14', 'CONSEGNATA', 'Consegna standard', false, false, 6, NOW(), NOW());
INSERT INTO shipments (id, shipment_number, shop_id, driver_id, shipment_date, status, notes, email_sent, whatsapp_sent, created_by, created_at, updated_at) VALUES (49, 'SHP-20251124-10048', 16, 9, '2025-11-24', 'CONSEGNATA', 'Consegna standard', false, false, 6, NOW(), NOW());
INSERT INTO shipments (id, shipment_number, shop_id, driver_id, shipment_date, status, notes, email_sent, whatsapp_sent, created_by, created_at, updated_at) VALUES (50, 'SHP-20251127-10049', 15, 9, '2025-11-27', 'CONSEGNATA', 'Consegna standard', false, false, 6, NOW(), NOW());

-- SHIPMENT ITEMS
INSERT INTO shipment_items (id, shipment_id, product_id, quantity, unit_price, total_price) VALUES (1, 1, 20, 19.37, 5.0, 96.85);
INSERT INTO shipment_items (id, shipment_id, product_id, quantity, unit_price, total_price) VALUES (2, 1, 6, 3.37, 0.8, 2.7);
INSERT INTO shipment_items (id, shipment_id, product_id, quantity, unit_price, total_price) VALUES (3, 1, 9, 13.57, 1.0, 13.57);
INSERT INTO shipment_items (id, shipment_id, product_id, quantity, unit_price, total_price) VALUES (4, 1, 15, 5.59, 8.0, 44.72);
INSERT INTO shipment_items (id, shipment_id, product_id, quantity, unit_price, total_price) VALUES (5, 1, 1, 18.28, 3.5, 63.98);
INSERT INTO shipment_items (id, shipment_id, product_id, quantity, unit_price, total_price) VALUES (6, 1, 5, 6.58, 3.8, 25.0);
INSERT INTO shipment_items (id, shipment_id, product_id, quantity, unit_price, total_price) VALUES (7, 2, 8, 4.33, 1.2, 5.2);
INSERT INTO shipment_items (id, shipment_id, product_id, quantity, unit_price, total_price) VALUES (8, 2, 18, 3.12, 10.0, 31.2);
INSERT INTO shipment_items (id, shipment_id, product_id, quantity, unit_price, total_price) VALUES (9, 2, 13, 4.09, 18.0, 73.62);
INSERT INTO shipment_items (id, shipment_id, product_id, quantity, unit_price, total_price) VALUES (10, 2, 17, 14.17, 9.0, 127.53);
INSERT INTO shipment_items (id, shipment_id, product_id, quantity, unit_price, total_price) VALUES (11, 2, 10, 15.89, 1.5, 23.84);
INSERT INTO shipment_items (id, shipment_id, product_id, quantity, unit_price, total_price) VALUES (12, 3, 17, 14.16, 9.0, 127.44);
INSERT INTO shipment_items (id, shipment_id, product_id, quantity, unit_price, total_price) VALUES (13, 3, 3, 2.98, 4.5, 13.41);
INSERT INTO shipment_items (id, shipment_id, product_id, quantity, unit_price, total_price) VALUES (14, 3, 5, 2.7, 3.8, 10.26);
INSERT INTO shipment_items (id, shipment_id, product_id, quantity, unit_price, total_price) VALUES (15, 3, 16, 10.49, 9.0, 94.41);
INSERT INTO shipment_items (id, shipment_id, product_id, quantity, unit_price, total_price) VALUES (16, 3, 10, 19.06, 1.5, 28.59);
INSERT INTO shipment_items (id, shipment_id, product_id, quantity, unit_price, total_price) VALUES (17, 3, 9, 7.45, 1.0, 7.45);
INSERT INTO shipment_items (id, shipment_id, product_id, quantity, unit_price, total_price) VALUES (18, 3, 6, 16.8, 0.8, 13.44);
INSERT INTO shipment_items (id, shipment_id, product_id, quantity, unit_price, total_price) VALUES (19, 3, 18, 4.01, 10.0, 40.1);
INSERT INTO shipment_items (id, shipment_id, product_id, quantity, unit_price, total_price) VALUES (20, 4, 5, 17.0, 3.8, 64.6);
INSERT INTO shipment_items (id, shipment_id, product_id, quantity, unit_price, total_price) VALUES (21, 4, 16, 6.08, 9.0, 54.72);
INSERT INTO shipment_items (id, shipment_id, product_id, quantity, unit_price, total_price) VALUES (22, 4, 14, 7.15, 15.0, 107.25);
INSERT INTO shipment_items (id, shipment_id, product_id, quantity, unit_price, total_price) VALUES (23, 4, 10, 11.38, 1.5, 17.07);
INSERT INTO shipment_items (id, shipment_id, product_id, quantity, unit_price, total_price) VALUES (24, 4, 18, 16.88, 10.0, 168.8);
INSERT INTO shipment_items (id, shipment_id, product_id, quantity, unit_price, total_price) VALUES (25, 4, 20, 2.66, 5.0, 13.3);
INSERT INTO shipment_items (id, shipment_id, product_id, quantity, unit_price, total_price) VALUES (26, 5, 10, 11.79, 1.5, 17.68);
INSERT INTO shipment_items (id, shipment_id, product_id, quantity, unit_price, total_price) VALUES (27, 5, 7, 15.97, 1.2, 19.16);
INSERT INTO shipment_items (id, shipment_id, product_id, quantity, unit_price, total_price) VALUES (28, 5, 1, 13.44, 3.5, 47.04);
INSERT INTO shipment_items (id, shipment_id, product_id, quantity, unit_price, total_price) VALUES (29, 5, 19, 17.89, 12.0, 214.68);
INSERT INTO shipment_items (id, shipment_id, product_id, quantity, unit_price, total_price) VALUES (30, 5, 14, 16.34, 15.0, 245.1);
INSERT INTO shipment_items (id, shipment_id, product_id, quantity, unit_price, total_price) VALUES (31, 6, 8, 10.3, 1.2, 12.36);
INSERT INTO shipment_items (id, shipment_id, product_id, quantity, unit_price, total_price) VALUES (32, 6, 10, 2.14, 1.5, 3.21);
INSERT INTO shipment_items (id, shipment_id, product_id, quantity, unit_price, total_price) VALUES (33, 6, 11, 13.2, 1.5, 19.8);
INSERT INTO shipment_items (id, shipment_id, product_id, quantity, unit_price, total_price) VALUES (34, 6, 9, 4.68, 1.0, 4.68);
INSERT INTO shipment_items (id, shipment_id, product_id, quantity, unit_price, total_price) VALUES (35, 6, 1, 2.28, 3.5, 7.98);
INSERT INTO shipment_items (id, shipment_id, product_id, quantity, unit_price, total_price) VALUES (36, 7, 10, 19.01, 1.5, 28.52);
INSERT INTO shipment_items (id, shipment_id, product_id, quantity, unit_price, total_price) VALUES (37, 7, 5, 3.52, 3.8, 13.38);
INSERT INTO shipment_items (id, shipment_id, product_id, quantity, unit_price, total_price) VALUES (38, 7, 3, 12.96, 4.5, 58.32);
INSERT INTO shipment_items (id, shipment_id, product_id, quantity, unit_price, total_price) VALUES (39, 8, 10, 8.24, 1.5, 12.36);
INSERT INTO shipment_items (id, shipment_id, product_id, quantity, unit_price, total_price) VALUES (40, 8, 17, 18.33, 9.0, 164.97);
INSERT INTO shipment_items (id, shipment_id, product_id, quantity, unit_price, total_price) VALUES (41, 8, 1, 14.42, 3.5, 50.47);
INSERT INTO shipment_items (id, shipment_id, product_id, quantity, unit_price, total_price) VALUES (42, 8, 15, 5.52, 8.0, 44.16);
INSERT INTO shipment_items (id, shipment_id, product_id, quantity, unit_price, total_price) VALUES (43, 8, 6, 18.12, 0.8, 14.5);
INSERT INTO shipment_items (id, shipment_id, product_id, quantity, unit_price, total_price) VALUES (44, 8, 18, 3.7, 10.0, 37.0);
INSERT INTO shipment_items (id, shipment_id, product_id, quantity, unit_price, total_price) VALUES (45, 8, 2, 18.51, 4.0, 74.04);
INSERT INTO shipment_items (id, shipment_id, product_id, quantity, unit_price, total_price) VALUES (46, 8, 8, 16.24, 1.2, 19.49);
INSERT INTO shipment_items (id, shipment_id, product_id, quantity, unit_price, total_price) VALUES (47, 9, 10, 4.7, 1.5, 7.05);
INSERT INTO shipment_items (id, shipment_id, product_id, quantity, unit_price, total_price) VALUES (48, 9, 4, 7.95, 6.0, 47.7);
INSERT INTO shipment_items (id, shipment_id, product_id, quantity, unit_price, total_price) VALUES (49, 9, 16, 12.85, 9.0, 115.65);
INSERT INTO shipment_items (id, shipment_id, product_id, quantity, unit_price, total_price) VALUES (50, 9, 14, 10.18, 15.0, 152.7);
INSERT INTO shipment_items (id, shipment_id, product_id, quantity, unit_price, total_price) VALUES (51, 9, 15, 8.63, 8.0, 69.04);
INSERT INTO shipment_items (id, shipment_id, product_id, quantity, unit_price, total_price) VALUES (52, 10, 6, 10.71, 0.8, 8.57);
INSERT INTO shipment_items (id, shipment_id, product_id, quantity, unit_price, total_price) VALUES (53, 10, 7, 11.14, 1.2, 13.37);
INSERT INTO shipment_items (id, shipment_id, product_id, quantity, unit_price, total_price) VALUES (54, 10, 14, 8.42, 15.0, 126.3);
INSERT INTO shipment_items (id, shipment_id, product_id, quantity, unit_price, total_price) VALUES (55, 10, 5, 4.02, 3.8, 15.28);
INSERT INTO shipment_items (id, shipment_id, product_id, quantity, unit_price, total_price) VALUES (56, 10, 12, 11.61, 2.0, 23.22);
INSERT INTO shipment_items (id, shipment_id, product_id, quantity, unit_price, total_price) VALUES (57, 10, 16, 17.66, 9.0, 158.94);
INSERT INTO shipment_items (id, shipment_id, product_id, quantity, unit_price, total_price) VALUES (58, 10, 15, 16.77, 8.0, 134.16);
INSERT INTO shipment_items (id, shipment_id, product_id, quantity, unit_price, total_price) VALUES (59, 11, 19, 6.46, 12.0, 77.52);
INSERT INTO shipment_items (id, shipment_id, product_id, quantity, unit_price, total_price) VALUES (60, 11, 5, 12.11, 3.8, 46.02);
INSERT INTO shipment_items (id, shipment_id, product_id, quantity, unit_price, total_price) VALUES (61, 11, 6, 1.36, 0.8, 1.09);
INSERT INTO shipment_items (id, shipment_id, product_id, quantity, unit_price, total_price) VALUES (62, 11, 4, 15.68, 6.0, 94.08);
INSERT INTO shipment_items (id, shipment_id, product_id, quantity, unit_price, total_price) VALUES (63, 11, 17, 13.34, 9.0, 120.06);
INSERT INTO shipment_items (id, shipment_id, product_id, quantity, unit_price, total_price) VALUES (64, 11, 13, 8.04, 18.0, 144.72);
INSERT INTO shipment_items (id, shipment_id, product_id, quantity, unit_price, total_price) VALUES (65, 11, 10, 16.56, 1.5, 24.84);
INSERT INTO shipment_items (id, shipment_id, product_id, quantity, unit_price, total_price) VALUES (66, 11, 15, 17.25, 8.0, 138.0);
INSERT INTO shipment_items (id, shipment_id, product_id, quantity, unit_price, total_price) VALUES (67, 12, 8, 6.66, 1.2, 7.99);
INSERT INTO shipment_items (id, shipment_id, product_id, quantity, unit_price, total_price) VALUES (68, 12, 19, 11.08, 12.0, 132.96);
INSERT INTO shipment_items (id, shipment_id, product_id, quantity, unit_price, total_price) VALUES (69, 12, 17, 7.43, 9.0, 66.87);
INSERT INTO shipment_items (id, shipment_id, product_id, quantity, unit_price, total_price) VALUES (70, 12, 3, 7.94, 4.5, 35.73);
INSERT INTO shipment_items (id, shipment_id, product_id, quantity, unit_price, total_price) VALUES (71, 13, 19, 15.59, 12.0, 187.08);
INSERT INTO shipment_items (id, shipment_id, product_id, quantity, unit_price, total_price) VALUES (72, 13, 14, 18.35, 15.0, 275.25);
INSERT INTO shipment_items (id, shipment_id, product_id, quantity, unit_price, total_price) VALUES (73, 13, 1, 4.95, 3.5, 17.32);
INSERT INTO shipment_items (id, shipment_id, product_id, quantity, unit_price, total_price) VALUES (74, 14, 5, 14.85, 3.8, 56.43);
INSERT INTO shipment_items (id, shipment_id, product_id, quantity, unit_price, total_price) VALUES (75, 14, 20, 16.68, 5.0, 83.4);
INSERT INTO shipment_items (id, shipment_id, product_id, quantity, unit_price, total_price) VALUES (76, 14, 18, 13.86, 10.0, 138.6);
INSERT INTO shipment_items (id, shipment_id, product_id, quantity, unit_price, total_price) VALUES (77, 15, 4, 9.35, 6.0, 56.1);
INSERT INTO shipment_items (id, shipment_id, product_id, quantity, unit_price, total_price) VALUES (78, 15, 17, 14.85, 9.0, 133.65);
INSERT INTO shipment_items (id, shipment_id, product_id, quantity, unit_price, total_price) VALUES (79, 15, 12, 10.45, 2.0, 20.9);
INSERT INTO shipment_items (id, shipment_id, product_id, quantity, unit_price, total_price) VALUES (80, 15, 7, 16.52, 1.2, 19.82);
INSERT INTO shipment_items (id, shipment_id, product_id, quantity, unit_price, total_price) VALUES (81, 15, 16, 2.97, 9.0, 26.73);
INSERT INTO shipment_items (id, shipment_id, product_id, quantity, unit_price, total_price) VALUES (82, 15, 6, 13.51, 0.8, 10.81);
INSERT INTO shipment_items (id, shipment_id, product_id, quantity, unit_price, total_price) VALUES (83, 16, 5, 8.33, 3.8, 31.65);
INSERT INTO shipment_items (id, shipment_id, product_id, quantity, unit_price, total_price) VALUES (84, 16, 19, 4.62, 12.0, 55.44);
INSERT INTO shipment_items (id, shipment_id, product_id, quantity, unit_price, total_price) VALUES (85, 16, 15, 9.91, 8.0, 79.28);
INSERT INTO shipment_items (id, shipment_id, product_id, quantity, unit_price, total_price) VALUES (86, 16, 17, 16.45, 9.0, 148.05);
INSERT INTO shipment_items (id, shipment_id, product_id, quantity, unit_price, total_price) VALUES (87, 16, 3, 11.23, 4.5, 50.54);
INSERT INTO shipment_items (id, shipment_id, product_id, quantity, unit_price, total_price) VALUES (88, 16, 8, 10.15, 1.2, 12.18);
INSERT INTO shipment_items (id, shipment_id, product_id, quantity, unit_price, total_price) VALUES (89, 17, 6, 1.91, 0.8, 1.53);
INSERT INTO shipment_items (id, shipment_id, product_id, quantity, unit_price, total_price) VALUES (90, 17, 10, 14.39, 1.5, 21.59);
INSERT INTO shipment_items (id, shipment_id, product_id, quantity, unit_price, total_price) VALUES (91, 17, 15, 17.58, 8.0, 140.64);
INSERT INTO shipment_items (id, shipment_id, product_id, quantity, unit_price, total_price) VALUES (92, 17, 2, 8.93, 4.0, 35.72);
INSERT INTO shipment_items (id, shipment_id, product_id, quantity, unit_price, total_price) VALUES (93, 18, 3, 12.92, 4.5, 58.14);
INSERT INTO shipment_items (id, shipment_id, product_id, quantity, unit_price, total_price) VALUES (94, 18, 9, 16.73, 1.0, 16.73);
INSERT INTO shipment_items (id, shipment_id, product_id, quantity, unit_price, total_price) VALUES (95, 18, 2, 5.2, 4.0, 20.8);
INSERT INTO shipment_items (id, shipment_id, product_id, quantity, unit_price, total_price) VALUES (96, 19, 16, 13.85, 9.0, 124.65);
INSERT INTO shipment_items (id, shipment_id, product_id, quantity, unit_price, total_price) VALUES (97, 19, 10, 7.89, 1.5, 11.83);
INSERT INTO shipment_items (id, shipment_id, product_id, quantity, unit_price, total_price) VALUES (98, 19, 19, 2.75, 12.0, 33.0);
INSERT INTO shipment_items (id, shipment_id, product_id, quantity, unit_price, total_price) VALUES (99, 20, 1, 13.62, 3.5, 47.67);
INSERT INTO shipment_items (id, shipment_id, product_id, quantity, unit_price, total_price) VALUES (100, 20, 11, 12.82, 1.5, 19.23);
INSERT INTO shipment_items (id, shipment_id, product_id, quantity, unit_price, total_price) VALUES (101, 20, 18, 15.23, 10.0, 152.3);
INSERT INTO shipment_items (id, shipment_id, product_id, quantity, unit_price, total_price) VALUES (102, 21, 6, 19.19, 0.8, 15.35);
INSERT INTO shipment_items (id, shipment_id, product_id, quantity, unit_price, total_price) VALUES (103, 21, 8, 3.24, 1.2, 3.89);
INSERT INTO shipment_items (id, shipment_id, product_id, quantity, unit_price, total_price) VALUES (104, 21, 2, 1.27, 4.0, 5.08);
INSERT INTO shipment_items (id, shipment_id, product_id, quantity, unit_price, total_price) VALUES (105, 21, 5, 13.44, 3.8, 51.07);
INSERT INTO shipment_items (id, shipment_id, product_id, quantity, unit_price, total_price) VALUES (106, 21, 7, 14.64, 1.2, 17.57);
INSERT INTO shipment_items (id, shipment_id, product_id, quantity, unit_price, total_price) VALUES (107, 21, 16, 11.17, 9.0, 100.53);
INSERT INTO shipment_items (id, shipment_id, product_id, quantity, unit_price, total_price) VALUES (108, 21, 13, 13.29, 18.0, 239.22);
INSERT INTO shipment_items (id, shipment_id, product_id, quantity, unit_price, total_price) VALUES (109, 21, 1, 7.11, 3.5, 24.89);
INSERT INTO shipment_items (id, shipment_id, product_id, quantity, unit_price, total_price) VALUES (110, 22, 15, 9.63, 8.0, 77.04);
INSERT INTO shipment_items (id, shipment_id, product_id, quantity, unit_price, total_price) VALUES (111, 22, 16, 18.26, 9.0, 164.34);
INSERT INTO shipment_items (id, shipment_id, product_id, quantity, unit_price, total_price) VALUES (112, 22, 14, 19.69, 15.0, 295.35);
INSERT INTO shipment_items (id, shipment_id, product_id, quantity, unit_price, total_price) VALUES (113, 23, 1, 9.89, 3.5, 34.62);
INSERT INTO shipment_items (id, shipment_id, product_id, quantity, unit_price, total_price) VALUES (114, 23, 7, 16.76, 1.2, 20.11);
INSERT INTO shipment_items (id, shipment_id, product_id, quantity, unit_price, total_price) VALUES (115, 23, 17, 7.81, 9.0, 70.29);
INSERT INTO shipment_items (id, shipment_id, product_id, quantity, unit_price, total_price) VALUES (116, 24, 3, 6.49, 4.5, 29.21);
INSERT INTO shipment_items (id, shipment_id, product_id, quantity, unit_price, total_price) VALUES (117, 24, 15, 9.44, 8.0, 75.52);
INSERT INTO shipment_items (id, shipment_id, product_id, quantity, unit_price, total_price) VALUES (118, 24, 11, 14.99, 1.5, 22.48);
INSERT INTO shipment_items (id, shipment_id, product_id, quantity, unit_price, total_price) VALUES (119, 24, 14, 15.44, 15.0, 231.6);
INSERT INTO shipment_items (id, shipment_id, product_id, quantity, unit_price, total_price) VALUES (120, 25, 18, 7.3, 10.0, 73.0);
INSERT INTO shipment_items (id, shipment_id, product_id, quantity, unit_price, total_price) VALUES (121, 25, 7, 10.92, 1.2, 13.1);
INSERT INTO shipment_items (id, shipment_id, product_id, quantity, unit_price, total_price) VALUES (122, 25, 10, 19.6, 1.5, 29.4);
INSERT INTO shipment_items (id, shipment_id, product_id, quantity, unit_price, total_price) VALUES (123, 26, 14, 19.43, 15.0, 291.45);
INSERT INTO shipment_items (id, shipment_id, product_id, quantity, unit_price, total_price) VALUES (124, 26, 8, 17.03, 1.2, 20.44);
INSERT INTO shipment_items (id, shipment_id, product_id, quantity, unit_price, total_price) VALUES (125, 26, 17, 17.9, 9.0, 161.1);
INSERT INTO shipment_items (id, shipment_id, product_id, quantity, unit_price, total_price) VALUES (126, 26, 10, 4.45, 1.5, 6.68);
INSERT INTO shipment_items (id, shipment_id, product_id, quantity, unit_price, total_price) VALUES (127, 26, 2, 1.29, 4.0, 5.16);
INSERT INTO shipment_items (id, shipment_id, product_id, quantity, unit_price, total_price) VALUES (128, 26, 13, 16.01, 18.0, 288.18);
INSERT INTO shipment_items (id, shipment_id, product_id, quantity, unit_price, total_price) VALUES (129, 27, 18, 19.2, 10.0, 192.0);
INSERT INTO shipment_items (id, shipment_id, product_id, quantity, unit_price, total_price) VALUES (130, 27, 4, 14.49, 6.0, 86.94);
INSERT INTO shipment_items (id, shipment_id, product_id, quantity, unit_price, total_price) VALUES (131, 27, 2, 13.27, 4.0, 53.08);
INSERT INTO shipment_items (id, shipment_id, product_id, quantity, unit_price, total_price) VALUES (132, 28, 7, 6.98, 1.2, 8.38);
INSERT INTO shipment_items (id, shipment_id, product_id, quantity, unit_price, total_price) VALUES (133, 28, 16, 11.66, 9.0, 104.94);
INSERT INTO shipment_items (id, shipment_id, product_id, quantity, unit_price, total_price) VALUES (134, 28, 8, 19.39, 1.2, 23.27);
INSERT INTO shipment_items (id, shipment_id, product_id, quantity, unit_price, total_price) VALUES (135, 28, 18, 12.06, 10.0, 120.6);
INSERT INTO shipment_items (id, shipment_id, product_id, quantity, unit_price, total_price) VALUES (136, 29, 1, 12.97, 3.5, 45.4);
INSERT INTO shipment_items (id, shipment_id, product_id, quantity, unit_price, total_price) VALUES (137, 29, 12, 10.14, 2.0, 20.28);
INSERT INTO shipment_items (id, shipment_id, product_id, quantity, unit_price, total_price) VALUES (138, 29, 11, 2.79, 1.5, 4.19);
INSERT INTO shipment_items (id, shipment_id, product_id, quantity, unit_price, total_price) VALUES (139, 29, 20, 1.06, 5.0, 5.3);
INSERT INTO shipment_items (id, shipment_id, product_id, quantity, unit_price, total_price) VALUES (140, 29, 16, 10.77, 9.0, 96.93);
INSERT INTO shipment_items (id, shipment_id, product_id, quantity, unit_price, total_price) VALUES (141, 29, 14, 17.25, 15.0, 258.75);
INSERT INTO shipment_items (id, shipment_id, product_id, quantity, unit_price, total_price) VALUES (142, 30, 19, 13.61, 12.0, 163.32);
INSERT INTO shipment_items (id, shipment_id, product_id, quantity, unit_price, total_price) VALUES (143, 30, 4, 6.55, 6.0, 39.3);
INSERT INTO shipment_items (id, shipment_id, product_id, quantity, unit_price, total_price) VALUES (144, 30, 14, 4.22, 15.0, 63.3);
INSERT INTO shipment_items (id, shipment_id, product_id, quantity, unit_price, total_price) VALUES (145, 30, 1, 4.37, 3.5, 15.29);
INSERT INTO shipment_items (id, shipment_id, product_id, quantity, unit_price, total_price) VALUES (146, 31, 20, 9.75, 5.0, 48.75);
INSERT INTO shipment_items (id, shipment_id, product_id, quantity, unit_price, total_price) VALUES (147, 31, 13, 1.53, 18.0, 27.54);
INSERT INTO shipment_items (id, shipment_id, product_id, quantity, unit_price, total_price) VALUES (148, 31, 17, 10.5, 9.0, 94.5);
INSERT INTO shipment_items (id, shipment_id, product_id, quantity, unit_price, total_price) VALUES (149, 32, 6, 5.17, 0.8, 4.14);
INSERT INTO shipment_items (id, shipment_id, product_id, quantity, unit_price, total_price) VALUES (150, 32, 13, 1.28, 18.0, 23.04);
INSERT INTO shipment_items (id, shipment_id, product_id, quantity, unit_price, total_price) VALUES (151, 32, 16, 9.31, 9.0, 83.79);
INSERT INTO shipment_items (id, shipment_id, product_id, quantity, unit_price, total_price) VALUES (152, 32, 1, 19.32, 3.5, 67.62);
INSERT INTO shipment_items (id, shipment_id, product_id, quantity, unit_price, total_price) VALUES (153, 33, 6, 12.52, 0.8, 10.02);
INSERT INTO shipment_items (id, shipment_id, product_id, quantity, unit_price, total_price) VALUES (154, 33, 16, 5.56, 9.0, 50.04);
INSERT INTO shipment_items (id, shipment_id, product_id, quantity, unit_price, total_price) VALUES (155, 33, 12, 13.63, 2.0, 27.26);
INSERT INTO shipment_items (id, shipment_id, product_id, quantity, unit_price, total_price) VALUES (156, 33, 1, 7.99, 3.5, 27.96);
INSERT INTO shipment_items (id, shipment_id, product_id, quantity, unit_price, total_price) VALUES (157, 33, 11, 13.0, 1.5, 19.5);
INSERT INTO shipment_items (id, shipment_id, product_id, quantity, unit_price, total_price) VALUES (158, 33, 7, 16.78, 1.2, 20.14);
INSERT INTO shipment_items (id, shipment_id, product_id, quantity, unit_price, total_price) VALUES (159, 33, 15, 11.19, 8.0, 89.52);
INSERT INTO shipment_items (id, shipment_id, product_id, quantity, unit_price, total_price) VALUES (160, 33, 19, 3.59, 12.0, 43.08);
INSERT INTO shipment_items (id, shipment_id, product_id, quantity, unit_price, total_price) VALUES (161, 34, 19, 14.49, 12.0, 173.88);
INSERT INTO shipment_items (id, shipment_id, product_id, quantity, unit_price, total_price) VALUES (162, 34, 4, 15.3, 6.0, 91.8);
INSERT INTO shipment_items (id, shipment_id, product_id, quantity, unit_price, total_price) VALUES (163, 34, 7, 15.38, 1.2, 18.46);
INSERT INTO shipment_items (id, shipment_id, product_id, quantity, unit_price, total_price) VALUES (164, 34, 20, 15.54, 5.0, 77.7);
INSERT INTO shipment_items (id, shipment_id, product_id, quantity, unit_price, total_price) VALUES (165, 34, 8, 10.51, 1.2, 12.61);
INSERT INTO shipment_items (id, shipment_id, product_id, quantity, unit_price, total_price) VALUES (166, 34, 11, 3.45, 1.5, 5.18);
INSERT INTO shipment_items (id, shipment_id, product_id, quantity, unit_price, total_price) VALUES (167, 35, 5, 16.43, 3.8, 62.43);
INSERT INTO shipment_items (id, shipment_id, product_id, quantity, unit_price, total_price) VALUES (168, 35, 1, 12.21, 3.5, 42.73);
INSERT INTO shipment_items (id, shipment_id, product_id, quantity, unit_price, total_price) VALUES (169, 35, 20, 9.96, 5.0, 49.8);
INSERT INTO shipment_items (id, shipment_id, product_id, quantity, unit_price, total_price) VALUES (170, 35, 2, 12.09, 4.0, 48.36);
INSERT INTO shipment_items (id, shipment_id, product_id, quantity, unit_price, total_price) VALUES (171, 35, 9, 2.97, 1.0, 2.97);
INSERT INTO shipment_items (id, shipment_id, product_id, quantity, unit_price, total_price) VALUES (172, 36, 16, 12.39, 9.0, 111.51);
INSERT INTO shipment_items (id, shipment_id, product_id, quantity, unit_price, total_price) VALUES (173, 36, 12, 17.53, 2.0, 35.06);
INSERT INTO shipment_items (id, shipment_id, product_id, quantity, unit_price, total_price) VALUES (174, 36, 19, 8.25, 12.0, 99.0);
INSERT INTO shipment_items (id, shipment_id, product_id, quantity, unit_price, total_price) VALUES (175, 36, 4, 13.49, 6.0, 80.94);
INSERT INTO shipment_items (id, shipment_id, product_id, quantity, unit_price, total_price) VALUES (176, 36, 14, 2.63, 15.0, 39.45);
INSERT INTO shipment_items (id, shipment_id, product_id, quantity, unit_price, total_price) VALUES (177, 36, 17, 9.93, 9.0, 89.37);
INSERT INTO shipment_items (id, shipment_id, product_id, quantity, unit_price, total_price) VALUES (178, 36, 15, 3.22, 8.0, 25.76);
INSERT INTO shipment_items (id, shipment_id, product_id, quantity, unit_price, total_price) VALUES (179, 36, 13, 2.7, 18.0, 48.6);
INSERT INTO shipment_items (id, shipment_id, product_id, quantity, unit_price, total_price) VALUES (180, 37, 8, 19.6, 1.2, 23.52);
INSERT INTO shipment_items (id, shipment_id, product_id, quantity, unit_price, total_price) VALUES (181, 37, 13, 17.58, 18.0, 316.44);
INSERT INTO shipment_items (id, shipment_id, product_id, quantity, unit_price, total_price) VALUES (182, 37, 4, 12.44, 6.0, 74.64);
INSERT INTO shipment_items (id, shipment_id, product_id, quantity, unit_price, total_price) VALUES (183, 37, 1, 4.01, 3.5, 14.04);
INSERT INTO shipment_items (id, shipment_id, product_id, quantity, unit_price, total_price) VALUES (184, 38, 20, 4.41, 5.0, 22.05);
INSERT INTO shipment_items (id, shipment_id, product_id, quantity, unit_price, total_price) VALUES (185, 38, 16, 11.56, 9.0, 104.04);
INSERT INTO shipment_items (id, shipment_id, product_id, quantity, unit_price, total_price) VALUES (186, 38, 13, 7.52, 18.0, 135.36);
INSERT INTO shipment_items (id, shipment_id, product_id, quantity, unit_price, total_price) VALUES (187, 38, 10, 12.64, 1.5, 18.96);
INSERT INTO shipment_items (id, shipment_id, product_id, quantity, unit_price, total_price) VALUES (188, 38, 14, 17.41, 15.0, 261.15);
INSERT INTO shipment_items (id, shipment_id, product_id, quantity, unit_price, total_price) VALUES (189, 38, 5, 5.53, 3.8, 21.01);
INSERT INTO shipment_items (id, shipment_id, product_id, quantity, unit_price, total_price) VALUES (190, 38, 3, 10.73, 4.5, 48.29);
INSERT INTO shipment_items (id, shipment_id, product_id, quantity, unit_price, total_price) VALUES (191, 39, 10, 9.49, 1.5, 14.23);
INSERT INTO shipment_items (id, shipment_id, product_id, quantity, unit_price, total_price) VALUES (192, 39, 16, 13.57, 9.0, 122.13);
INSERT INTO shipment_items (id, shipment_id, product_id, quantity, unit_price, total_price) VALUES (193, 39, 17, 11.13, 9.0, 100.17);
INSERT INTO shipment_items (id, shipment_id, product_id, quantity, unit_price, total_price) VALUES (194, 40, 14, 5.21, 15.0, 78.15);
INSERT INTO shipment_items (id, shipment_id, product_id, quantity, unit_price, total_price) VALUES (195, 40, 11, 9.76, 1.5, 14.64);
INSERT INTO shipment_items (id, shipment_id, product_id, quantity, unit_price, total_price) VALUES (196, 40, 1, 4.48, 3.5, 15.68);
INSERT INTO shipment_items (id, shipment_id, product_id, quantity, unit_price, total_price) VALUES (197, 40, 10, 14.08, 1.5, 21.12);
INSERT INTO shipment_items (id, shipment_id, product_id, quantity, unit_price, total_price) VALUES (198, 41, 17, 14.95, 9.0, 134.55);
INSERT INTO shipment_items (id, shipment_id, product_id, quantity, unit_price, total_price) VALUES (199, 41, 19, 8.12, 12.0, 97.44);
INSERT INTO shipment_items (id, shipment_id, product_id, quantity, unit_price, total_price) VALUES (200, 41, 1, 4.44, 3.5, 15.54);
INSERT INTO shipment_items (id, shipment_id, product_id, quantity, unit_price, total_price) VALUES (201, 41, 6, 10.45, 0.8, 8.36);
INSERT INTO shipment_items (id, shipment_id, product_id, quantity, unit_price, total_price) VALUES (202, 41, 14, 2.65, 15.0, 39.75);
INSERT INTO shipment_items (id, shipment_id, product_id, quantity, unit_price, total_price) VALUES (203, 41, 9, 11.41, 1.0, 11.41);
INSERT INTO shipment_items (id, shipment_id, product_id, quantity, unit_price, total_price) VALUES (204, 41, 11, 4.62, 1.5, 6.93);
INSERT INTO shipment_items (id, shipment_id, product_id, quantity, unit_price, total_price) VALUES (205, 42, 12, 7.6, 2.0, 15.2);
INSERT INTO shipment_items (id, shipment_id, product_id, quantity, unit_price, total_price) VALUES (206, 42, 6, 15.51, 0.8, 12.41);
INSERT INTO shipment_items (id, shipment_id, product_id, quantity, unit_price, total_price) VALUES (207, 42, 8, 11.1, 1.2, 13.32);
INSERT INTO shipment_items (id, shipment_id, product_id, quantity, unit_price, total_price) VALUES (208, 42, 16, 17.74, 9.0, 159.66);
INSERT INTO shipment_items (id, shipment_id, product_id, quantity, unit_price, total_price) VALUES (209, 43, 5, 11.04, 3.8, 41.95);
INSERT INTO shipment_items (id, shipment_id, product_id, quantity, unit_price, total_price) VALUES (210, 43, 15, 13.03, 8.0, 104.24);
INSERT INTO shipment_items (id, shipment_id, product_id, quantity, unit_price, total_price) VALUES (211, 43, 18, 14.11, 10.0, 141.1);
INSERT INTO shipment_items (id, shipment_id, product_id, quantity, unit_price, total_price) VALUES (212, 43, 4, 8.7, 6.0, 52.2);
INSERT INTO shipment_items (id, shipment_id, product_id, quantity, unit_price, total_price) VALUES (213, 44, 13, 8.76, 18.0, 157.68);
INSERT INTO shipment_items (id, shipment_id, product_id, quantity, unit_price, total_price) VALUES (214, 44, 4, 9.16, 6.0, 54.96);
INSERT INTO shipment_items (id, shipment_id, product_id, quantity, unit_price, total_price) VALUES (215, 44, 6, 18.67, 0.8, 14.94);
INSERT INTO shipment_items (id, shipment_id, product_id, quantity, unit_price, total_price) VALUES (216, 44, 2, 18.14, 4.0, 72.56);
INSERT INTO shipment_items (id, shipment_id, product_id, quantity, unit_price, total_price) VALUES (217, 44, 17, 9.71, 9.0, 87.39);
INSERT INTO shipment_items (id, shipment_id, product_id, quantity, unit_price, total_price) VALUES (218, 44, 15, 18.12, 8.0, 144.96);
INSERT INTO shipment_items (id, shipment_id, product_id, quantity, unit_price, total_price) VALUES (219, 44, 20, 15.58, 5.0, 77.9);
INSERT INTO shipment_items (id, shipment_id, product_id, quantity, unit_price, total_price) VALUES (220, 45, 12, 3.42, 2.0, 6.84);
INSERT INTO shipment_items (id, shipment_id, product_id, quantity, unit_price, total_price) VALUES (221, 45, 11, 4.69, 1.5, 7.04);
INSERT INTO shipment_items (id, shipment_id, product_id, quantity, unit_price, total_price) VALUES (222, 45, 10, 8.89, 1.5, 13.34);
INSERT INTO shipment_items (id, shipment_id, product_id, quantity, unit_price, total_price) VALUES (223, 45, 3, 5.23, 4.5, 23.54);
INSERT INTO shipment_items (id, shipment_id, product_id, quantity, unit_price, total_price) VALUES (224, 45, 16, 5.03, 9.0, 45.27);
INSERT INTO shipment_items (id, shipment_id, product_id, quantity, unit_price, total_price) VALUES (225, 45, 17, 13.96, 9.0, 125.64);
INSERT INTO shipment_items (id, shipment_id, product_id, quantity, unit_price, total_price) VALUES (226, 45, 14, 11.0, 15.0, 165.0);
INSERT INTO shipment_items (id, shipment_id, product_id, quantity, unit_price, total_price) VALUES (227, 46, 5, 3.82, 3.8, 14.52);
INSERT INTO shipment_items (id, shipment_id, product_id, quantity, unit_price, total_price) VALUES (228, 46, 13, 10.47, 18.0, 188.46);
INSERT INTO shipment_items (id, shipment_id, product_id, quantity, unit_price, total_price) VALUES (229, 46, 15, 4.68, 8.0, 37.44);
INSERT INTO shipment_items (id, shipment_id, product_id, quantity, unit_price, total_price) VALUES (230, 46, 14, 6.19, 15.0, 92.85);
INSERT INTO shipment_items (id, shipment_id, product_id, quantity, unit_price, total_price) VALUES (231, 46, 6, 9.26, 0.8, 7.41);
INSERT INTO shipment_items (id, shipment_id, product_id, quantity, unit_price, total_price) VALUES (232, 46, 7, 13.93, 1.2, 16.72);
INSERT INTO shipment_items (id, shipment_id, product_id, quantity, unit_price, total_price) VALUES (233, 46, 12, 17.91, 2.0, 35.82);
INSERT INTO shipment_items (id, shipment_id, product_id, quantity, unit_price, total_price) VALUES (234, 46, 9, 19.08, 1.0, 19.08);
INSERT INTO shipment_items (id, shipment_id, product_id, quantity, unit_price, total_price) VALUES (235, 47, 15, 11.09, 8.0, 88.72);
INSERT INTO shipment_items (id, shipment_id, product_id, quantity, unit_price, total_price) VALUES (236, 47, 20, 8.81, 5.0, 44.05);
INSERT INTO shipment_items (id, shipment_id, product_id, quantity, unit_price, total_price) VALUES (237, 47, 11, 9.99, 1.5, 14.98);
INSERT INTO shipment_items (id, shipment_id, product_id, quantity, unit_price, total_price) VALUES (238, 47, 1, 11.81, 3.5, 41.34);
INSERT INTO shipment_items (id, shipment_id, product_id, quantity, unit_price, total_price) VALUES (239, 47, 14, 5.51, 15.0, 82.65);
INSERT INTO shipment_items (id, shipment_id, product_id, quantity, unit_price, total_price) VALUES (240, 47, 16, 6.81, 9.0, 61.29);
INSERT INTO shipment_items (id, shipment_id, product_id, quantity, unit_price, total_price) VALUES (241, 47, 9, 8.84, 1.0, 8.84);
INSERT INTO shipment_items (id, shipment_id, product_id, quantity, unit_price, total_price) VALUES (242, 47, 19, 19.41, 12.0, 232.92);
INSERT INTO shipment_items (id, shipment_id, product_id, quantity, unit_price, total_price) VALUES (243, 48, 18, 9.68, 10.0, 96.8);
INSERT INTO shipment_items (id, shipment_id, product_id, quantity, unit_price, total_price) VALUES (244, 48, 5, 3.46, 3.8, 13.15);
INSERT INTO shipment_items (id, shipment_id, product_id, quantity, unit_price, total_price) VALUES (245, 48, 8, 8.91, 1.2, 10.69);
INSERT INTO shipment_items (id, shipment_id, product_id, quantity, unit_price, total_price) VALUES (246, 48, 11, 12.01, 1.5, 18.02);
INSERT INTO shipment_items (id, shipment_id, product_id, quantity, unit_price, total_price) VALUES (247, 48, 3, 1.72, 4.5, 7.74);
INSERT INTO shipment_items (id, shipment_id, product_id, quantity, unit_price, total_price) VALUES (248, 48, 1, 5.95, 3.5, 20.82);
INSERT INTO shipment_items (id, shipment_id, product_id, quantity, unit_price, total_price) VALUES (249, 48, 6, 6.7, 0.8, 5.36);
INSERT INTO shipment_items (id, shipment_id, product_id, quantity, unit_price, total_price) VALUES (250, 49, 2, 10.34, 4.0, 41.36);
INSERT INTO shipment_items (id, shipment_id, product_id, quantity, unit_price, total_price) VALUES (251, 49, 11, 15.25, 1.5, 22.88);
INSERT INTO shipment_items (id, shipment_id, product_id, quantity, unit_price, total_price) VALUES (252, 49, 19, 11.26, 12.0, 135.12);
INSERT INTO shipment_items (id, shipment_id, product_id, quantity, unit_price, total_price) VALUES (253, 49, 14, 2.05, 15.0, 30.75);
INSERT INTO shipment_items (id, shipment_id, product_id, quantity, unit_price, total_price) VALUES (254, 49, 5, 2.24, 3.8, 8.51);
INSERT INTO shipment_items (id, shipment_id, product_id, quantity, unit_price, total_price) VALUES (255, 49, 20, 2.61, 5.0, 13.05);
INSERT INTO shipment_items (id, shipment_id, product_id, quantity, unit_price, total_price) VALUES (256, 49, 9, 8.32, 1.0, 8.32);
INSERT INTO shipment_items (id, shipment_id, product_id, quantity, unit_price, total_price) VALUES (257, 49, 16, 7.48, 9.0, 67.32);
INSERT INTO shipment_items (id, shipment_id, product_id, quantity, unit_price, total_price) VALUES (258, 50, 13, 12.11, 18.0, 217.98);
INSERT INTO shipment_items (id, shipment_id, product_id, quantity, unit_price, total_price) VALUES (259, 50, 3, 7.82, 4.5, 35.19);
INSERT INTO shipment_items (id, shipment_id, product_id, quantity, unit_price, total_price) VALUES (260, 50, 9, 18.06, 1.0, 18.06);
INSERT INTO shipment_items (id, shipment_id, product_id, quantity, unit_price, total_price) VALUES (261, 50, 14, 18.59, 15.0, 278.85);
INSERT INTO shipment_items (id, shipment_id, product_id, quantity, unit_price, total_price) VALUES (262, 50, 1, 12.75, 3.5, 44.62);
INSERT INTO shipment_items (id, shipment_id, product_id, quantity, unit_price, total_price) VALUES (263, 50, 8, 17.74, 1.2, 21.29);
INSERT INTO shipment_items (id, shipment_id, product_id, quantity, unit_price, total_price) VALUES (264, 50, 17, 12.09, 9.0, 108.81);

-- RETURNS
INSERT INTO returns (id, return_number, shipment_id, shop_id, return_date, status, reason, created_by, created_at, updated_at) VALUES (1, 'RET-20251221-10001', 5, 17, '2025-12-21', 'APPROVED', 'QUALITY_ISSUE', 6, NOW(), NOW());
INSERT INTO returns (id, return_number, shipment_id, shop_id, return_date, status, reason, created_by, created_at, updated_at) VALUES (2, 'RET-20260124-10002', 8, 14, '2026-01-24', 'PROCESSED', 'QUALITY_ISSUE', 6, NOW(), NOW());
INSERT INTO returns (id, return_number, shipment_id, shop_id, return_date, status, reason, created_by, created_at, updated_at) VALUES (3, 'RET-20251203-10003', 11, 13, '2025-12-03', 'PROCESSED', 'OTHER', 6, NOW(), NOW());
INSERT INTO returns (id, return_number, shipment_id, shop_id, return_date, status, reason, created_by, created_at, updated_at) VALUES (4, 'RET-20251213-10004', 23, 14, '2025-12-13', 'APPROVED', 'OTHER', 6, NOW(), NOW());
INSERT INTO returns (id, return_number, shipment_id, shop_id, return_date, status, reason, created_by, created_at, updated_at) VALUES (5, 'RET-20251127-10005', 30, 17, '2025-11-27', 'PENDING', 'WRONG_PRODUCT', 6, NOW(), NOW());
INSERT INTO returns (id, return_number, shipment_id, shop_id, return_date, status, reason, created_by, created_at, updated_at) VALUES (6, 'RET-20251204-10006', 44, 19, '2025-12-04', 'APPROVED', 'OTHER', 6, NOW(), NOW());
INSERT INTO returns (id, return_number, shipment_id, shop_id, return_date, status, reason, created_by, created_at, updated_at) VALUES (7, 'RET-20251128-10007', 50, 15, '2025-11-28', 'PENDING', 'EXCESS_QUANTITY', 6, NOW(), NOW());

-- RETURN ITEMS
INSERT INTO return_items (id, return_id, shipment_item_id, product_id, quantity, unit_price, total_amount, reason) VALUES (1, 1, 26, 10, 1.59, 1.5, 2.39, 'DAMAGED');
INSERT INTO return_items (id, return_id, shipment_item_id, product_id, quantity, unit_price, total_amount, reason) VALUES (2, 1, 27, 7, 3.25, 1.2, 3.9, 'DAMAGED');
INSERT INTO return_items (id, return_id, shipment_item_id, product_id, quantity, unit_price, total_amount, reason) VALUES (3, 2, 39, 10, 1.75, 1.5, 2.62, 'DAMAGED');
INSERT INTO return_items (id, return_id, shipment_item_id, product_id, quantity, unit_price, total_amount, reason) VALUES (4, 2, 40, 17, 4.17, 9.0, 37.53, 'WRONG_PRODUCT');
INSERT INTO return_items (id, return_id, shipment_item_id, product_id, quantity, unit_price, total_amount, reason) VALUES (5, 3, 59, 19, 4.23, 12.0, 50.76, 'QUALITY_ISSUE');
INSERT INTO return_items (id, return_id, shipment_item_id, product_id, quantity, unit_price, total_amount, reason) VALUES (6, 3, 60, 5, 4.07, 3.8, 15.47, 'OTHER');
INSERT INTO return_items (id, return_id, shipment_item_id, product_id, quantity, unit_price, total_amount, reason) VALUES (7, 3, 61, 6, 4.06, 0.8, 3.25, 'WRONG_PRODUCT');
INSERT INTO return_items (id, return_id, shipment_item_id, product_id, quantity, unit_price, total_amount, reason) VALUES (8, 4, 113, 1, 1.03, 3.5, 3.6, 'WRONG_PRODUCT');
INSERT INTO return_items (id, return_id, shipment_item_id, product_id, quantity, unit_price, total_amount, reason) VALUES (9, 4, 114, 7, 4.62, 1.2, 5.54, 'WRONG_PRODUCT');
INSERT INTO return_items (id, return_id, shipment_item_id, product_id, quantity, unit_price, total_amount, reason) VALUES (10, 4, 115, 17, 2.03, 9.0, 18.27, 'QUALITY_ISSUE');
INSERT INTO return_items (id, return_id, shipment_item_id, product_id, quantity, unit_price, total_amount, reason) VALUES (11, 5, 142, 19, 4.55, 12.0, 54.6, 'OTHER');
INSERT INTO return_items (id, return_id, shipment_item_id, product_id, quantity, unit_price, total_amount, reason) VALUES (12, 6, 213, 13, 3.1, 18.0, 55.8, 'WRONG_PRODUCT');
INSERT INTO return_items (id, return_id, shipment_item_id, product_id, quantity, unit_price, total_amount, reason) VALUES (13, 6, 214, 4, 1.37, 6.0, 8.22, 'DAMAGED');
INSERT INTO return_items (id, return_id, shipment_item_id, product_id, quantity, unit_price, total_amount, reason) VALUES (14, 6, 215, 6, 1.35, 0.8, 1.08, 'DAMAGED');
INSERT INTO return_items (id, return_id, shipment_item_id, product_id, quantity, unit_price, total_amount, reason) VALUES (15, 7, 258, 13, 3.58, 18.0, 64.44, 'QUALITY_ISSUE');
INSERT INTO return_items (id, return_id, shipment_item_id, product_id, quantity, unit_price, total_amount, reason) VALUES (16, 7, 259, 3, 1.94, 4.5, 8.73, 'DAMAGED');
INSERT INTO return_items (id, return_id, shipment_item_id, product_id, quantity, unit_price, total_amount, reason) VALUES (17, 7, 260, 9, 1.88, 1.0, 1.88, 'EXPIRED');

-- Update sequences
SELECT setval('shipments_id_seq', 51, true);
SELECT setval('shipment_items_id_seq', 265, true);
SELECT setval('returns_id_seq', 8, true);
SELECT setval('return_items_id_seq', 18, true);
